week,event_description, hype
1,No large gatherings or city events near the store this week., 0
2,Regular trading week with no special events scheduled., 0
3,Warehouse receiving on schedule; retail floor set per plan., 0
4,Local food‑truck fair in Riverside on Tuesday., 1
5,Large food‑and‑wine expo in University Quarter on Saturday., 2
6,Small food‑truck fair in Harborfront on Monday., 1
7,Small street farmers' market in Riverside on Tuesday., 0
8,Standard customer flow predicted; maintain usual staffing levels., 0
9,Pop‑up craft market in University Quarter on Saturday., 1
10,Usual marketing pushes; no extra signage or staging required., 0
11,No construction or transit alerts in the surrounding blocks., 0
12,Warehouse receiving on schedule; retail floor set per plan., 0
13,Local pet‑adoption day in Downtown on Sunday., 1
14,City‑wide national holiday parade in Old Town on Wednesday., 5
15,No community happenings reported in the metro bulletin., 0
16,No large gatherings or city events near the store this week., 0
17,Routine operations—standard staffing and promotions only., 0
18,Neighbourhood charity fun‑run in Harborfront on Monday., 1
19,Regular week ahead—monitor daily KPIs as standard practice., 0
20,Large art‑week gala in Old Town on Sunday., 2
21,PEAK hours unchanged; anticipate routine customer volumes., 0
22,No large gatherings or city events near the store this week., 0
23,Forecasted demand aligns with historical seasonal baseline., 0
24,Routine operations—standard staffing and promotions only., 0
25,Neighbourhood street farmers' market in Maple Heights on Wednesday., 0
26,Standard customer flow predicted; maintain usual staffing levels., 0
27,Small craft market in University Quarter on Monday., 1
28,Calm retail calendar; expect average weekday footfall patterns., 0
29,Routine operations—standard staffing and promotions only., 0
30,No planned road closures or district activities this week., 0
31,No large gatherings or city events near the store this week., 0
32,Forecasted demand aligns with historical seasonal baseline., 0
33,Neighbourhood craft market in Old Town on Thursday., 1
34,Local charity fun‑run in Old Town on Wednesday., 2
35,Major New Year countdown show in University Quarter on Saturday., 4
36,Normal merchandising rotations; no external factors anticipated., 0
37,PEAK hours unchanged; anticipate routine customer volumes., 0
38,Crowd‑drawing art‑week gala in University Quarter on Tuesday., 4
39,Forecasted demand aligns with historical seasonal baseline., 0
40,Warehouse receiving on schedule; retail floor set per plan., 0
41,PEAK hours unchanged; anticipate routine customer volumes., 0
42,Massive annual city marathon in Riverside on Saturday., 4
43,No planned road closures or district activities this week., 0
44,Popular art‑week gala in Downtown on Sunday., 3
45,Local street farmers' market in Old Town on Monday., 0
46,No community happenings reported in the metro bulletin., 0
47,Standard customer flow predicted; maintain usual staffing levels., 0
48,High‑profile stadium championship match in University Quarter on Thursday., 5
49,Stable outlook; business as usual for the coming days., 0
50,Local street farmers' market in Old Town on Tuesday., 0
51,Pop‑up street farmers' market in Maple Heights on Wednesday., 0
52,Forecasted demand aligns with historical seasonal baseline., 0
